no_bfs	communes	pop2022	pop_0-19_2022	prop_0-19_2022
1	Aeugst am Albis	1991	374	18.785
2	Affoltern am Albis	12588	2561	20.345
3	Bonstetten	5624	1311	23.311
4	Hausen am Albis	3879	844	21.758
5	Hedingen	3871	816	21.080
6	Kappel am Albis	1321	341	25.814
7	Knonau	2416	610	25.248
8	Maschwanden	644	142	22.050
9	Mettmenstetten	5635	1325	23.514
10	Obfelden	5787	1358	23.466
11	Ottenbach	2858	602	21.064
12	Rifferswil	1149	302	26.284
13	Stallikon	3854	870	22.574
14	Wettswil am Albis	5282	1224	23.173
21	Adlikon	707	164	23.197
22	Benken (ZH)	847	169	19.953
23	Berg am Irchel	592	86	14.527
24	Buch am Irchel	1038	260	25.048
25	Dachsen	1950	385	19.744
26	Dorf	712	145	20.365
27	Feuerthalen	3771	757	20.074
28	Flaach	1474	320	21.710
29	Flurlingen	1513	300	19.828
30	Andelfingen	2230	508	22.780
31	Henggart	2257	463	20.514
32	Humlikon	494	118	23.887
33	Kleinandelfingen	2132	462	21.670
34	Laufen-Uhwiesen	1781	326	18.304
35	Marthalen	1950	410	21.026
37	Ossingen	1710	345	20.175
38	Rheinau	1285	233	18.132
39	Thalheim an der Thur	977	229	23.439
40	Trüllikon	1066	201	18.856
41	Truttikon	465	90	19.355
43	Volken	381	95	24.934
51	Bachenbülach	4208	903	21.459
52	Bassersdorf	12062	2523	20.917
53	Bülach	23624	4967	21.025
54	Dietlikon	7855	1594	20.293
55	Eglisau	5520	1253	22.699
56	Embrach	10005	2143	21.419
57	Freienstein-Teufen	2394	460	19.215
58	Glattfelden	5258	1147	21.814
59	Hochfelden	1989	441	22.172
60	Höri	3307	651	19.686
61	Hüntwangen	1093	225	20.586
62	Kloten	20980	3811	18.165
63	Lufingen	2767	646	23.347
64	Nürensdorf	5710	1074	18.809
65	Oberembrach	1092	182	16.667
66	Opfikon	21213	4369	20.596
67	Rafz	4672	939	20.098
68	Rorbas	2908	669	23.006
69	Wallisellen	17299	3366	19.458
70	Wasterkingen	589	111	18.846
71	Wil (ZH)	1564	336	21.483
72	Winkel	4858	856	17.620
81	Bachs	636	117	18.396
82	Boppelsen	1454	318	21.871
83	Buchs (ZH)	6628	1356	20.459
84	Dällikon	4271	914	21.400
85	Dänikon	1865	393	21.072
86	Dielsdorf	6151	1217	19.785
87	Hüttikon	959	256	26.694
88	Neerach	3314	557	16.807
89	Niederglatt	5180	1034	19.961
90	Niederhasli	9497	2107	22.186
91	Niederweningen	3082	676	21.934
92	Oberglatt	7520	1635	21.742
93	Oberweningen	1883	363	19.278
94	Otelfingen	2946	669	22.709
95	Regensberg	464	84	18.103
96	Regensdorf	18739	3864	20.620
97	Rümlang	8186	1762	21.525
98	Schleinikon	863	145	16.802
99	Schöfflisdorf	1361	256	18.810
100	Stadel	2349	472	20.094
101	Steinmaur	3613	723	20.011
102	Weiach	2077	399	19.210
111	Bäretswil	5098	1088	21.342
112	Bubikon	7496	1636	21.825
113	Dürnten	7779	1654	21.262
114	Fischenthal	2606	580	22.256
115	Gossau (ZH)	10336	2133	20.637
116	Grüningen	3845	803	20.884
117	Hinwil	11576	2263	19.549
118	Rüti (ZH)	12701	2530	19.920
119	Seegräben	1422	288	20.253
120	Wald (ZH)	10343	2076	20.072
121	Wetzikon (ZH)	26018	5263	20.228
131	Adliswil	19243	3919	20.366
135	Kilchberg (ZH)	9303	2041	21.939
136	Langnau am Albis	8056	1724	21.400
137	Oberrieden	5289	1038	19.626
138	Richterswil	13987	3006	21.491
139	Rüschlikon	6218	1397	22.467
141	Thalwil	18392	3721	20.232
151	Erlenbach (ZH)	5678	1204	21.205
152	Herrliberg	6749	1382	20.477
153	Hombrechtikon	8964	1774	19.790
154	Küsnacht (ZH)	14833	3170	21.371
155	Männedorf	11437	2294	20.058
156	Meilen	14754	3135	21.248
157	Oetwil am See	4947	1046	21.144
158	Stäfa	14889	2770	18.604
159	Uetikon am See	6325	1248	19.731
160	Zumikon	5633	1278	22.688
161	Zollikon	13472	2808	20.843
172	Fehraltorf	6791	1494	22.000
173	Hittnau	3756	840	22.364
176	Lindau	5723	1192	20.828
177	Pfäffikon	12379	2380	19.226
178	Russikon	4511	970	21.503
180	Weisslingen	3436	707	20.576
181	Wila	2043	434	21.243
182	Wildberg	1029	238	23.129
191	Dübendorf	30801	5755	18.684
192	Egg	8786	1785	20.316
193	Fällanden	9461	2153	22.757
194	Greifensee	5329	1194	22.406
195	Maur	10757	2193	20.387
196	Mönchaltorf	4118	860	20.884
197	Schwerzenbach	5133	1058	20.612
198	Uster	35748	7204	20.152
199	Volketswil	19412	4212	21.698
200	Wangen-Brüttisellen	8097	1718	21.218
211	Altikon	729	158	21.674
213	Brütten	2161	418	19.343
214	Dägerlen	1092	222	20.330
215	Dättlikon	829	201	24.246
216	Dinhard	1730	378	21.850
218	Ellikon an der Thur	1035	217	20.966
219	Elsau	3707	795	21.446
220	Hagenbuch	1148	258	22.474
221	Hettlingen	3118	683	21.905
223	Neftenbach	5761	1284	22.288
224	Pfungen	4053	871	21.490
225	Rickenbach (ZH)	2770	681	24.585
226	Schlatt (ZH)	759	195	25.692
227	Seuzach	7692	1446	18.799
228	Turbenthal	5049	1125	22.282
230	Winterthur	116906	23556	20.150
231	Zell (ZH)	6491	1375	21.183
241	Aesch (ZH)	1672	373	22.309
242	Birmensdorf (ZH)	7057	1540	21.822
243	Dietikon	28162	5740	20.382
244	Geroldswil	5262	1186	22.539
245	Oberengstringen	6810	1172	17.210
246	Oetwil an der Limmat	2560	427	16.680
247	Schlieren	20350	3691	18.138
248	Uitikon	5105	1118	21.900
249	Unterengstringen	4119	813	19.738
250	Urdorf	10332	2143	20.741
251	Weiningen (ZH)	4883	989	20.254
261	Zürich	427721	75573	17.669
292	Stammheim	2879	619	21.501
293	Wädenswil	25193	4909	19.486
294	Elgg	5071	1075	21.199
295	Horgen	23628	4928	20.857
296	Illnau-Effretikon	17564	3441	19.591
297	Bauma	4924	980	19.903
298	Wiesendangen	6710	1427	21.267
301	Aarberg	4629	914	19.745
302	Bargen (BE)	1100	242	22.000
303	Grossaffoltern	3064	586	19.125
304	Kallnach	2252	440	19.538
305	Kappelen	1407	275	19.545
306	Lyss	16190	3183	19.660
307	Meikirch	2558	510	19.937
309	Radelfingen	1260	248	19.683
310	Rapperswil (BE)	2675	530	19.813
311	Schüpfen	3763	750	19.931
312	Seedorf (BE)	3183	596	18.724
321	Aarwangen	4793	971	20.259
322	Auswil	458	97	21.179
323	Bannwil	696	141	20.259
324	Bleienbach	748	145	19.385
325	Busswil bei Melchnau	173	21	12.139
326	Gondiswil	738	163	22.087
329	Langenthal	15838	3092	19.523
331	Lotzwil	2672	585	21.894
332	Madiswil	3335	669	20.060
333	Melchnau	1482	301	20.310
335	Oeschenbach	223	32	14.350
336	Reisiswil	171	37	21.637
337	Roggwil (BE)	4250	878	20.659
338	Rohrbach	1572	316	20.102
339	Rohrbachgraben	384	80	20.833
340	Rütschelen	571	136	23.818
341	Schwarzhäusern	533	123	23.077
342	Thunstetten	3459	705	20.382
344	Ursenbach	866	173	19.977
345	Wynau	1676	339	20.227
351	Bern	134506	22753	16.916
352	Bolligen	6361	1265	19.887
353	Bremgarten bei Bern	4303	888	20.637
354	Kirchlindach	3216	567	17.631
355	Köniz	42409	8394	19.793
356	Muri bei Bern	13317	2536	19.043
357	Oberbalm	856	158	18.458
358	Stettlen	3380	712	21.065
359	Vechigen	5694	1086	19.073
360	Wohlen bei Bern	9348	1715	18.346
361	Zollikofen	11140	2149	19.291
362	Ittigen	11595	2258	19.474
363	Ostermundigen	17884	3519	19.677
371	Biel/Bienne	55070	10607	19.261
372	Evilard	2704	642	23.743
381	Arch	1718	331	19.267
382	Büetigen	920	197	21.413
383	Büren an der Aare	3696	767	20.752
385	Diessbach bei Büren	1016	245	24.114
386	Dotzigen	1589	368	23.159
387	Lengnau (BE)	5595	1112	19.875
388	Leuzigen	1341	307	22.893
389	Meienried	56	9	16.071
390	Meinisberg	1419	324	22.833
391	Oberwil bei Büren	926	195	21.058
392	Pieterlen	5059	1201	23.740
393	Rüti bei Büren	855	166	19.415
394	Wengi	633	118	18.641
401	Aefligen	1140	243	21.316
402	Alchenstorf	606	110	18.152
403	Bäriswil	1096	233	21.259
404	Burgdorf	16586	3125	18.841
405	Ersigen	2020	410	20.297
406	Hasle bei Burgdorf	3377	717	21.232
407	Heimiswil	1613	355	22.009
408	Hellsau	203	49	24.138
409	Hindelbank	2806	601	21.418
410	Höchstetten	268	49	18.284
411	Kernenried	541	110	20.333
412	Kirchberg (BE)	5899	1113	18.868
413	Koppigen	2214	417	18.835
414	Krauchthal	2369	445	18.784
415	Lyssach	1477	283	19.160
418	Oberburg	2936	595	20.266
420	Rüdtligen-Alchenflüh	2459	487	19.805
421	Rumendingen	78	20	25.641
422	Rüti bei Lyssach	160	34	21.250
423	Willadingen	191	28	14.660
424	Wynigen	2071	446	21.535
431	Corgémont	1789	429	23.980
432	Cormoret	505	114	22.574
433	Cortébert	683	139	20.351
434	Courtelary	1420	344	24.225
435	La Ferrière	539	108	20.037
437	Mont-Tramelan	110	32	29.091
438	Orvin	1236	240	19.417
441	Renan (BE)	977	200	20.471
442	Romont (BE)	222	33	14.865
443	Saint-Imier	5080	980	19.291
444	Sonceboz-Sombeval	1921	427	22.228
445	Sonvilier	1210	292	24.132
446	Tramelan	4587	983	21.430
448	Villeret	923	194	21.018
449	Sauge	826	141	17.070
450	Péry-La Heutte	1960	379	19.337
491	Brüttelen	621	110	17.713
492	Erlach	1376	261	18.968
493	Finsterhennen	573	118	20.593
494	Gals	851	166	19.506
495	Gampelen	1002	187	18.663
496	Ins	3621	781	21.569
497	Lüscherz	558	70	12.545
498	Müntschemier	1609	349	21.690
499	Siselen	629	121	19.237
500	Treiten	431	66	15.313
501	Tschugg	473	84	17.759
502	Vinelz	888	153	17.230
533	Bätterkinden	3368	651	19.329
535	Deisswil bei Münchenbuchsee	88	9	10.227
536	Diemerswil	205	49	23.902
538	Fraubrunnen	5399	1171	21.689
540	Jegenstorf	5789	1130	19.520
541	Iffwil	433	100	23.095
543	Mattstetten	589	127	21.562
544	Moosseedorf	4113	875	21.274
546	Münchenbuchsee	10214	2055	20.119
551	Urtenen-Schönbühl	6410	1372	21.404
552	Utzenstorf	4476	865	19.325
553	Wiggiswil	105	20	19.048
554	Wiler bei Utzenstorf	1037	237	22.854
556	Zielebach	331	51	15.408
557	Zuzwil (BE)	542	117	21.587
561	Adelboden	3399	672	19.771
562	Aeschi bei Spiez	2283	464	20.324
563	Frutigen	7014	1544	22.013
564	Kandergrund	822	176	21.411
565	Kandersteg	1298	180	13.867
566	Krattigen	1140	207	18.158
567	Reichenbach im Kandertal	3698	799	21.606
571	Beatenberg	1182	178	15.059
572	Bönigen	2568	485	18.886
573	Brienz (BE)	3225	584	18.109
574	Brienzwiler	486	70	14.403
575	Därligen	413	82	19.855
576	Grindelwald	3756	526	14.004
577	Gsteigwiler	426	83	19.484
578	Gündlischwand	351	70	19.943
579	Habkern	622	120	19.293
580	Hofstetten bei Brienz	543	77	14.180
581	Interlaken	5926	916	15.457
582	Iseltwald	413	71	17.191
584	Lauterbrunnen	2270	322	14.185
585	Leissigen	1193	238	19.950
586	Lütschental	222	36	16.216
587	Matten bei Interlaken	4171	705	16.902
588	Niederried bei Interlaken	370	50	13.514
589	Oberried am Brienzersee	474	62	13.080
590	Ringgenberg (BE)	2549	399	15.653
591	Saxeten	88	7	7.955
592	Schwanden bei Brienz	649	119	18.336
593	Unterseen	5745	928	16.153
594	Wilderswil	2697	492	18.242
602	Arni (BE)	951	208	21.872
603	Biglen	1852	350	18.898
605	Bowil	1338	272	20.329
606	Brenzikofen	488	96	19.672
607	Freimettigen	464	103	22.198
608	Grosshöchstetten	4130	796	19.274
609	Häutligen	263	60	22.814
610	Herbligen	609	153	25.123
611	Kiesen	1013	233	23.001
612	Konolfingen	5463	983	17.994
613	Landiswil	613	122	19.902
614	Linden	1278	267	20.892
615	Mirchel	593	126	21.248
616	Münsingen	13045	2526	19.364
617	Niederhünigen	710	143	20.141
619	Oberdiessbach	3572	706	19.765
620	Oberthal	727	136	18.707
622	Oppligen	640	131	20.469
623	Rubigen	2910	514	17.663
626	Walkringen	1795	349	19.443
627	Worb	11460	2159	18.839
628	Zäziwil	1623	321	19.778
629	Oberhünigen	320	76	23.750
630	Allmendingen	566	97	17.138
632	Wichtrach	4350	866	19.908
662	Ferenbalm	1223	208	17.007
663	Frauenkappelen	1430	268	18.741
665	Gurbrü	247	47	19.028
666	Kriechenwil	424	73	17.217
667	Laupen	3282	600	18.282
668	Mühleberg	3074	562	18.282
669	Münchenwiler	559	140	25.045
670	Neuenegg	5656	1122	19.837
671	Wileroltigen	380	65	17.105
681	Belprahon	276	36	13.043
683	Champoz	160	40	25.000
687	Corcelles (BE)	201	32	15.920
690	Court	1394	304	21.808
691	Crémines	508	105	20.669
692	Eschert	384	68	17.708
694	Grandval	399	93	23.308
696	Loveresse	362	91	25.138
700	Moutier	7189	1388	19.307
701	Perrefitte	472	99	20.975
703	Reconvilier	2425	509	20.990
704	Roches (BE)	190	25	13.158
706	Saicourt	623	149	23.917
707	Saules (BE)	152	33	21.711
708	Schelten	32	5	15.625
709	Seehof	71	9	12.676
711	Sorvilier	284	59	20.775
713	Tavannes	3430	743	21.662
715	Rebévelier	40	10	25.000
716	Petit-Val	410	93	22.683
717	Valbirse	3918	766	19.551
723	La Neuveville	3798	693	18.246
724	Nods	804	182	22.637
726	Plateau de Diesse	2118	434	20.491
731	Aegerten	2359	449	19.033
732	Bellmund	1777	407	22.904
733	Brügg	4456	908	20.377
734	Bühl	483	87	18.012
735	Epsach	330	64	19.394
736	Hagneck	420	86	20.476
737	Hermrigen	318	62	19.497
738	Jens	668	132	19.760
739	Ipsach	3895	726	18.639
740	Ligerz	525	90	17.143
741	Merzligen	396	65	16.414
742	Mörigen	890	148	16.629
743	Nidau	7118	1458	20.483
744	Orpund	3255	660	20.276
745	Port	3882	797	20.531
746	Safnern	2001	426	21.289
747	Scheuren	536	130	24.254
748	Schwadernau	693	139	20.058
749	Studen (BE)	3463	785	22.668
750	Sutz-Lattrigen	1420	297	20.915
751	Täuffelen	3071	556	18.105
754	Walperswil	1020	212	20.784
755	Worben	2501	498	19.912
756	Twann-Tüscherz	1193	178	14.920
761	Därstetten	858	164	19.114
762	Diemtigen	2271	447	19.683
763	Erlenbach im Simmental	1744	315	18.062
766	Oberwil im Simmental	818	158	19.315
767	Reutigen	1033	206	19.942
768	Spiez	12906	2169	16.806
769	Wimmis	2645	582	22.004
770	Stocken-Höfen	1021	219	21.450
782	Guttannen	246	34	13.821
783	Hasliberg	1101	241	21.889
784	Innertkirchen	1069	191	17.867
785	Meiringen	4656	850	18.256
786	Schattenhalb	570	100	17.544
791	Boltigen	1275	239	18.745
792	Lenk	2276	430	18.893
793	St. Stephan	1319	260	19.712
794	Zweisimmen	3083	525	17.029
841	Gsteig	1003	181	18.046
842	Lauenen	851	186	21.857
843	Saanen	6929	1184	17.088
852	Guggisberg	1478	298	20.162
853	Rüschegg	1706	326	19.109
855	Schwarzenburg	6767	1201	17.748
861	Belp	11578	2266	19.572
863	Burgistein	1098	191	17.395
866	Gerzensee	1266	265	20.932
867	Gurzelen	889	211	23.735
868	Jaberg	315	74	23.492
869	Kaufdorf	1124	256	22.776
870	Kehrsatz	4474	1022	22.843
872	Kirchdorf (BE)	1820	328	18.022
877	Niedermuhlern	509	92	18.075
879	Riggisberg	3086	593	19.216
880	Rüeggisberg	1787	309	17.292
883	Seftigen	2161	401	18.556
884	Toffen	2611	522	19.992
885	Uttigen	2173	454	20.893
886	Wattenwil	3165	679	21.453
888	Wald (BE)	1176	226	19.218
889	Thurnen	2013	400	19.871
901	Eggiwil	2443	583	23.864
902	Langnau im Emmental	9337	1815	19.439
903	Lauperswil	2704	524	19.379
904	Röthenbach im Emmental	1164	248	21.306
905	Rüderswil	2425	507	20.907
906	Schangnau	915	216	23.607
907	Signau	2652	488	18.401
908	Trub	1322	301	22.769
909	Trubschachen	1497	293	19.572
921	Amsoldingen	788	143	18.147
922	Blumenstein	1267	251	19.811
923	Buchholterberg	1536	316	20.573
924	Eriz	478	86	17.992
925	Fahrni	813	175	21.525
927	Heiligenschwendi	756	143	18.915
928	Heimberg	7020	1390	19.801
929	Hilterfingen	4056	684	16.864
931	Homberg	501	129	25.749
932	Horrenbach-Buchen	231	54	23.377
934	Oberhofen am Thunersee	2465	371	15.051
935	Oberlangenegg	465	117	25.161
936	Pohlern	230	46	20.000
938	Sigriswil	4878	638	13.079
939	Steffisburg	16071	2867	17.840
940	Teuffenthal (BE)	158	26	16.456
941	Thierachern	2539	558	21.977
942	Thun	43670	7233	16.563
943	Uebeschi	720	166	23.056
944	Uetendorf	5858	1116	19.051
945	Unterlangenegg	1092	250	22.894
946	Wachseldorn	224	42	18.750
947	Zwieselberg	318	74	23.270
948	Forst-Längenbühl	766	171	22.324
951	Affoltern im Emmental	1181	207	17.528
952	Dürrenroth	1076	251	23.327
953	Eriswil	1356	280	20.649
954	Huttwil	5069	1010	19.925
955	Lützelflüh	4366	891	20.408
956	Rüegsau	3255	618	18.986
957	Sumiswald	5038	980	19.452
958	Trachselwald	921	191	20.738
959	Walterswil (BE)	526	105	19.962
960	Wyssachen	1105	229	20.724
971	Attiswil	1549	278	17.947
972	Berken	47	5	10.638
973	Bettenhausen	679	110	16.200
975	Farnern	228	45	19.737
976	Graben	334	74	22.156
977	Heimenhausen	1178	239	20.289
979	Herzogenbuchsee	7291	1473	20.203
980	Inkwil	696	112	16.092
981	Niederbipp	5185	1018	19.634
982	Niederönz	1769	341	19.276
983	Oberbipp	1826	379	20.756
985	Ochlenberg	536	99	18.470
987	Rumisberg	510	99	19.412
988	Seeberg	1599	306	19.137
989	Thörigen	1196	243	20.318
990	Walliswil bei Niederbipp	226	37	16.372
991	Walliswil bei Wangen	615	116	18.862
992	Wangen an der Aare	2388	447	18.719
993	Wangenried	408	76	18.627
995	Wiedlisbach	2550	501	19.647
1001	Doppleschwand	806	196	24.318
1002	Entlebuch	3267	692	21.182
1004	Flühli	1785	349	19.552
1005	Hasle (LU)	1730	376	21.734
1007	Romoos	638	147	23.041
1008	Schüpfheim	4269	971	22.745
1009	Werthenstein	2168	507	23.386
1010	Escholzmatt-Marbach	4405	877	19.909
1021	Aesch (LU)	1350	269	19.926
1023	Ballwil	2668	591	22.151
1024	Emmen	31573	6349	20.109
1025	Ermensee	1012	227	22.431
1026	Eschenbach (LU)	3777	803	21.260
1030	Hitzkirch	5975	1299	21.741
1031	Hochdorf	9911	2175	21.945
1032	Hohenrain	2435	568	23.326
1033	Inwil	2897	672	23.196
1037	Rain	2984	752	25.201
1039	Römerswil	1770	430	24.294
1040	Rothenburg	7859	1710	21.758
1041	Schongau	1068	242	22.659
1051	Adligenswil	5504	1196	21.730
1052	Buchrain	6621	1485	22.429
1053	Dierikon	1609	366	22.747
1054	Ebikon	14469	3001	20.741
1055	Gisikon	1460	322	22.055
1056	Greppen	1196	248	20.736
1057	Honau	512	96	18.750
1058	Horw	15043	2804	18.640
1059	Kriens	28983	5466	18.859
1061	Luzern	83840	13666	16.300
1062	Malters	7691	1621	21.077
1063	Meggen	7716	1350	17.496
1064	Meierskappel	1596	394	24.687
1065	Root	5498	1221	22.208
1066	Schwarzenberg	1796	419	23.330
1067	Udligenswil	2455	534	21.752
1068	Vitznau	1461	227	15.537
1069	Weggis	4570	669	14.639
1081	Beromünster	6701	1579	23.564
1082	Büron	2714	589	21.702
1083	Buttisholz	3421	837	24.467
1084	Eich	1623	281	17.314
1085	Geuensee	2878	701	24.357
1086	Grosswangen	3221	781	24.247
1088	Hildisrieden	2445	520	21.268
1089	Knutwil	2373	522	21.997
1091	Mauensee	1543	314	20.350
1093	Neuenkirch	7183	1581	22.010
1094	Nottwil	4091	981	23.979
1095	Oberkirch	5068	1157	22.830
1097	Rickenbach (LU)	3564	816	22.896
1098	Ruswil	7305	1640	22.450
1099	Schenkon	3076	655	21.294
1100	Schlierbach	986	258	26.166
1102	Sempach	4131	959	23.215
1103	Sursee	10519	1977	18.795
1104	Triengen	4748	1058	22.283
1107	Wolhusen	4446	1011	22.740
1121	Alberswil	683	141	20.644
1122	Altbüron	1029	224	21.769
1123	Altishofen	2006	482	24.028
1125	Dagmersellen	5807	1263	21.750
1127	Egolzwil	1624	328	20.197
1128	Ettiswil	2853	684	23.975
1129	Fischbach	702	141	20.085
1131	Grossdietwil	876	157	17.922
1132	Hergiswil bei Willisau	1910	446	23.351
1135	Luthern	1248	275	22.035
1136	Menznau	3056	688	22.513
1137	Nebikon	2766	630	22.777
1139	Pfaffnau	2714	553	20.376
1140	Reiden	7415	1568	21.146
1142	Roggliswil	768	169	22.005
1143	Schötz	4786	1164	24.321
1145	Ufhusen	934	195	20.878
1146	Wauwil	2558	530	20.719
1147	Wikon	1486	326	21.938
1150	Zell (LU)	2119	444	20.953
1151	Willisau	9108	2020	22.178
1201	Altdorf (UR)	9880	1881	19.038
1202	Andermatt	1538	208	13.524
1203	Attinghausen	1765	428	24.249
1205	Bürglen (UR)	3877	777	20.041
1206	Erstfeld	3866	776	20.072
1207	Flüelen	2020	361	17.871
1208	Göschenen	445	60	13.483
1209	Gurtnellen	496	74	14.919
1210	Hospental	179	25	13.966
1211	Isenthal	467	103	22.056
1212	Realp	153	18	11.765
1213	Schattdorf	5453	1141	20.924
1214	Seedorf (UR)	2051	518	25.256
1215	Seelisberg	715	107	14.965
1216	Silenen	2041	381	18.667
1217	Sisikon	382	74	19.372
1218	Spiringen	858	187	21.795
1219	Unterschächen	715	172	24.056
1220	Wassen	416	71	17.067
1301	Einsiedeln	16310	3207	19.663
1311	Gersau	2384	364	15.268
1321	Feusisberg	5468	915	16.734
1322	Freienbach	16711	2915	17.444
1323	Wollerau	7495	1285	17.145
1331	Küssnacht (SZ)	13843	2579	18.630
1341	Altendorf	7215	1351	18.725
1342	Galgenen	5342	1097	20.535
1343	Innerthal	180	29	16.111
1344	Lachen	9394	1788	19.033
1345	Reichenburg	4063	890	21.905
1346	Schübelbach	9595	1968	20.511
1347	Tuggen	3358	663	19.744
1348	Vorderthal	983	162	16.480
1349	Wangen (SZ)	5489	1008	18.364
1361	Alpthal	618	105	16.990
1362	Arth	12359	2506	20.277
1363	Illgau	815	208	25.521
1364	Ingenbohl	9197	1593	17.321
1365	Lauerz	1124	268	23.843
1366	Morschach	1206	255	21.144
1367	Muotathal	3516	789	22.440
1368	Oberiberg	867	138	15.917
1369	Riemenstalden	84	28	33.333
1370	Rothenthurm	2519	616	24.454
1371	Sattel	2021	456	22.563
1372	Schwyz	15685	2937	18.725
1373	Steinen	3696	800	21.645
1374	Steinerberg	951	198	20.820
1375	Unteriberg	2432	457	18.791
1401	Alpnach	6222	1280	20.572
1402	Engelberg	4297	676	15.732
1403	Giswil	3806	784	20.599
1404	Kerns	6424	1418	22.073
1405	Lungern	2086	427	20.470
1406	Sachseln	5211	1040	19.958
1407	Sarnen	10654	2013	18.894
1501	Beckenried	3749	736	19.632
1502	Buochs	5483	1035	18.877
1503	Dallenwil	1847	359	19.437
1504	Emmetten	1624	261	16.071
1505	Ennetbürgen	5206	855	16.423
1506	Ennetmoos	2322	501	21.576
1507	Hergiswil (NW)	6022	904	15.012
1508	Oberdorf (NW)	3093	648	20.951
1509	Stans	8119	1423	17.527
1510	Stansstad	4850	719	14.825
1511	Wolfenschiessen	2105	465	22.090
1630	Glarus Nord	19428	3912	20.136
1631	Glarus Süd	9528	1598	16.772
1632	Glarus	12515	2458	19.640
1701	Baar	24996	4914	19.659
1702	Cham	17643	3827	21.691
1703	Hünenberg	8948	1935	21.625
1704	Menzingen	4615	859	18.613
1705	Neuheim	2340	520	22.222
1706	Oberägeri	6415	1325	20.655
1707	Risch	11253	2308	20.510
1708	Steinhausen	10308	2125	20.615
1709	Unterägeri	9243	1943	21.021
1710	Walchwil	3934	729	18.531
1711	Zug	31469	5995	19.050
2008	Châtillon (FR)	513	119	23.197
2011	Cugy (FR)	1942	433	22.297
2016	Fétigny	1180	284	24.068
2022	Gletterens	1118	269	24.061
2025	Lully (FR)	1217	317	26.048
2027	Ménières	437	124	28.375
2029	Montagny (FR)	2932	697	23.772
2035	Nuvilly	487	133	27.310
2038	Prévondavaux	101	17	16.832
2041	Saint-Aubin (FR)	1929	443	22.965
2043	Sévaz	319	67	21.003
2044	Surpierre	1208	258	21.358
2045	Vallon	501	111	22.156
2050	Les Montets	1586	381	24.023
2051	Delley-Portalban	1309	258	19.710
2053	Belmont-Broye	5844	1431	24.487
2054	Estavayer	10133	2238	22.086
2055	Cheyres-Châbles	2405	504	20.956
2061	Auboranges	288	72	25.000
2063	Billens-Hennens	883	175	19.819
2066	Chapelle (Glâne)	334	82	24.551
2067	Le Châtelard	354	74	20.904
2068	Châtonnaye	884	197	22.285
2072	Ecublens (FR)	380	76	20.000
2079	Grangettes	213	69	32.394
2086	Massonnens	586	157	26.792
2087	Mézières (FR)	1081	214	19.796
2089	Montet (Glâne)	493	116	23.529
2096	Romont (FR)	5593	1231	22.010
2097	Rue	1588	359	22.607
2099	Siviriez	2528	617	24.407
2102	Ursy	3486	889	25.502
2113	Vuisternens-devant-Romont	2381	585	24.570
2114	Villorsonnens	1512	363	24.008
2115	Torny	1058	261	24.669
2117	Villaz	2345	576	24.563
2121	Haut-Intyamon	1664	395	23.738
2122	Pont-en-Ogoz	1973	433	21.946
2123	Botterens	733	175	23.874
2124	Broc	2649	510	19.253
2125	Bulle	25722	5501	21.386
2128	Châtel-sur-Montsalvens	348	69	19.828
2129	Corbières	1021	245	23.996
2130	Crésuz	449	94	20.935
2131	Echarlens	839	172	20.501
2134	Grandvillard	871	229	26.292
2135	Gruyères	2282	545	23.883
2137	Hauteville	702	182	25.926
2138	Jaun	636	135	21.226
2140	Marsens	2071	518	25.012
2143	Morlon	661	137	20.726
2145	Le Pâquier (FR)	1372	343	25.000
2147	Pont-la-Ville	630	130	20.635
2148	Riaz	2874	687	23.904
2149	La Roche	1829	425	23.237
2152	Sâles	1448	371	25.622
2153	Sorens	1105	260	23.529
2155	Vaulruz	1116	237	21.237
2160	Vuadens	2541	602	23.691
2162	Bas-Intyamon	1598	384	24.030
2163	Val-de-Charmey	2620	501	19.122
2173	Autigny	794	181	22.796
2174	Avry	1921	427	22.228
2175	Belfaux	3406	878	25.778
2177	Chénens	835	225	26.946
2183	Corminboeuf	2893	699	24.162
2186	Cottens (FR)	1521	381	25.049
2194	Ferpicloz	263	51	19.392
2196	Fribourg	37653	7092	18.835
2197	Givisiez	3183	790	24.819
2198	Granges-Paccot	3853	933	24.215
2200	Grolley	2093	432	20.640
2206	Marly	8596	1794	20.870
2208	Matran	1721	392	22.777
2211	Neyruz (FR)	2837	713	25.132
2216	Pierrafortscha	154	27	17.532
2217	Ponthaux	796	207	26.005
2220	Le Mouret	3250	715	22.000
2226	Treyvaux	1531	346	22.600
2228	Villars-sur-Glâne	12328	2754	22.339
2230	Villarsel-sur-Marly	68	12	17.647
2233	Hauterive (FR)	2668	647	24.250
2234	La Brillaz	2118	495	23.371
2235	La Sonnaz	1381	330	23.896
2236	Gibloux	7934	1864	23.494
2237	Prez	2454	635	25.876
2238	Bois-d'Amont	2344	586	25.000
2250	Courgevaux	1394	310	22.238
2254	Courtepin	5702	1329	23.308
2257	Cressier (FR)	1056	251	23.769
2258	Fräschels	442	75	16.968
2261	Greng	170	31	18.235
2262	Gurmels	4524	1048	23.165
2265	Kerzers	5280	1128	21.364
2266	Kleinbösingen	703	158	22.475
2271	Meyriez	565	97	17.168
2272	Misery-Courtion	2321	573	24.688
2274	Muntelier	956	185	19.351
2275	Murten	9414	1878	19.949
2276	Ried bei Kerzers	1223	229	18.724
2278	Ulmiz	423	70	16.548
2284	Mont-Vully	4433	783	17.663
2292	Brünisried	694	140	20.173
2293	Düdingen	8793	1639	18.640
2294	Giffers	1710	362	21.170
2295	Bösingen	3339	657	19.677
2296	Heitenried	1419	310	21.846
2299	Plaffeien	3619	661	18.265
2300	Plasselb	1038	181	17.437
2301	Rechthalten	1135	213	18.767
2303	St. Silvester	1017	183	17.994
2304	St. Ursen	1431	292	20.405
2305	Schmitten (FR)	4262	883	20.718
2306	Tafers	7805	1582	20.269
2307	Tentlingen	1336	240	17.964
2308	Ueberstorf	2404	483	20.092
2309	Wünnewil-Flamatt	5641	1207	21.397
2321	Attalens	3682	906	24.606
2323	Bossonnens	1575	405	25.714
2325	Châtel-Saint-Denis	8163	1758	21.536
2328	Granges (Veveyse)	922	211	22.885
2333	Remaufens	1288	341	26.475
2335	Saint-Martin (FR)	1021	228	22.331
2336	Semsales	1551	381	24.565
2337	Le Flon	1193	304	25.482
2338	La Verrerie	1324	323	24.396
2401	Egerkingen	4211	909	21.586
2402	Härkingen	1752	369	21.062
2403	Kestenholz	1873	402	21.463
2404	Neuendorf	2372	495	20.868
2405	Niederbuchsiten	1274	250	19.623
2406	Oberbuchsiten	2345	481	20.512
2407	Oensingen	6607	1371	20.751
2408	Wolfwil	2385	503	21.090
2421	Aedermannsdorf	578	121	20.934
2422	Balsthal	6375	1385	21.725
2424	Herbetswil	587	121	20.613
2425	Holderbank (SO)	732	138	18.852
2426	Laupersdorf	1865	422	22.627
2427	Matzendorf	1349	256	18.977
2428	Mümliswil-Ramiswil	2381	425	17.850
2430	Welschenrohr-Gänsbrunnen	1162	210	18.072
2445	Biezwil	356	77	21.629
2455	Lüterkofen-Ichertswil	895	191	21.341
2456	Lüterswil-Gächliwil	348	55	15.805
2457	Messen	1471	309	21.006
2461	Schnottwil	1131	210	18.568
2463	Unterramsern	222	41	18.468
2464	Lüsslingen-Nennigkofen	1119	244	21.805
2465	Buchegg	2550	434	17.020
2471	Bättwil	1169	236	20.188
2472	Büren (SO)	1066	234	21.951
2473	Dornach	6795	1283	18.882
2474	Gempen	923	204	22.102
2475	Hochwald	1273	239	18.775
2476	Hofstetten-Flüh	3353	678	20.221
2477	Metzerlen-Mariastein	946	181	19.133
2478	Nuglar-St. Pantaleon	1542	276	17.899
2479	Rodersdorf	1382	263	19.030
2480	Seewen	1065	180	16.901
2481	Witterswil	1446	274	18.949
2491	Hauenstein-Ifenthal	313	66	21.086
2492	Kienberg	529	109	20.605
2493	Lostorf	4067	802	19.720
2495	Niedergösgen	4099	826	20.151
2497	Obergösgen	2436	445	18.268
2499	Stüsslingen	1263	257	20.348
2500	Trimbach	6644	1342	20.199
2501	Winznau	2017	388	19.236
2502	Wisen (SO)	437	79	18.078
2503	Erlinsbach (SO)	3634	758	20.859
2511	Aeschi (SO)	1306	228	17.458
2513	Biberist	9188	1737	18.905
2514	Bolken	581	127	21.859
2516	Deitingen	2323	448	19.285
2517	Derendingen	6799	1250	18.385
2518	Etziken	1055	231	21.896
2519	Gerlafingen	5696	1220	21.419
2520	Halten	851	159	18.684
2523	Horriwil	866	196	22.633
2524	Hüniken	157	41	26.115
2525	Kriegstetten	1373	268	19.519
2526	Lohn-Ammannsegg	2953	539	18.253
2527	Luterbach	3604	677	18.785
2528	Obergerlafingen	1246	239	19.181
2529	Oekingen	890	208	23.371
2530	Recherswil	2146	406	18.919
2532	Subingen	3211	591	18.405
2534	Zuchwil	9331	1724	18.476
2535	Drei Höfe	730	132	18.082
2541	Balm bei Günsberg	215	41	19.070
2542	Bellach	5399	1028	19.041
2543	Bettlach	4943	868	17.560
2544	Feldbrunnen-St. Niklaus	1027	166	16.164
2545	Flumenthal	1026	174	16.959
2546	Grenchen	17939	3219	17.944
2547	Günsberg	1191	212	17.800
2548	Hubersdorf	708	159	22.458
2549	Kammersrohr	29	3	10.345
2550	Langendorf	3844	695	18.080
2551	Lommiswil	1595	323	20.251
2553	Oberdorf (SO)	1844	372	20.174
2554	Riedholz	2288	484	21.154
2555	Rüttenen	1506	289	19.190
2556	Selzach	3625	750	20.690
2571	Boningen	805	177	21.988
2572	Däniken	2946	541	18.364
2573	Dulliken	5224	970	18.568
2574	Eppenberg-Wöschnau	325	43	13.231
2575	Fulenbach	1798	374	20.801
2576	Gretzenbach	2759	604	21.892
2578	Gunzgen	1714	335	19.545
2579	Hägendorf	5249	1100	20.956
2580	Kappel (SO)	3428	746	21.762
2581	Olten	18339	3114	16.980
2582	Rickenbach (SO)	1135	208	18.326
2583	Schönenwerd	5100	1036	20.314
2584	Starrkirch-Wil	1871	391	20.898
2585	Walterswil (SO)	764	134	17.539
2586	Wangen bei Olten	5452	1103	20.231
2601	Solothurn	16633	2704	16.257
2611	Bärschwil	786	131	16.667
2612	Beinwil (SO)	268	62	23.134
2613	Breitenbach	4153	806	19.408
2614	Büsserach	2361	457	19.356
2615	Erschwil	943	201	21.315
2616	Fehren	602	115	19.103
2617	Grindel	503	86	17.097
2618	Himmelried	956	171	17.887
2619	Kleinlützel	1191	191	16.037
2620	Meltingen	650	126	19.385
2621	Nunningen	1969	373	18.944
2622	Zullwil	660	147	22.273
2701	Basel	173552	29521	17.010
2702	Bettingen	1288	276	21.429
2703	Riehen	21946	4719	21.503
2761	Aesch (BL)	10607	2026	19.101
2762	Allschwil	21654	4149	19.160
2763	Arlesheim	9270	1746	18.835
2764	Biel-Benken	3555	764	21.491
2765	Binningen	15631	2985	19.097
2766	Birsfelden	10264	1678	16.348
2767	Bottmingen	6920	1439	20.795
2768	Ettingen	5587	1098	19.653
2769	Münchenstein	12102	2376	19.633
2770	Muttenz	17917	3444	19.222
2771	Oberwil (BL)	11273	2291	20.323
2772	Pfeffingen	2400	497	20.708
2773	Reinach (BL)	19667	3583	18.218
2774	Schönenbuch	1481	299	20.189
2775	Therwil	9934	1924	19.368
2781	Blauen	702	131	18.661
2782	Brislach	1701	353	20.752
2783	Burg im Leimental	271	55	20.295
2784	Dittingen	730	136	18.630
2785	Duggingen	1598	330	20.651
2786	Grellingen	1926	340	17.653
2787	Laufen	5906	1087	18.405
2788	Liesberg	1083	170	15.697
2789	Nenzlingen	464	82	17.672
2790	Roggenburg	264	36	13.636
2791	Röschenz	1878	385	20.501
2792	Wahlen	1542	314	20.363
2793	Zwingen	2685	537	20.000
2821	Arisdorf	1708	336	19.672
2822	Augst	1057	170	16.083
2823	Bubendorf	4439	888	20.005
2824	Frenkendorf	6507	1334	20.501
2825	Füllinsdorf	4646	890	19.156
2826	Giebenach	1120	228	20.357
2827	Hersberg	362	63	17.403
2828	Lausen	5772	1124	19.473
2829	Liestal	15420	2894	18.768
2830	Lupsingen	1504	325	21.609
2831	Pratteln	16458	3104	18.860
2832	Ramlinsburg	744	131	17.608
2833	Seltisberg	1301	249	19.139
2834	Ziefen	1632	388	23.775
2841	Anwil	531	113	21.281
2842	Böckten	806	173	21.464
2843	Buckten	717	145	20.223
2844	Buus	1116	229	20.520
2845	Diepflingen	785	195	24.841
2846	Gelterkinden	6217	1212	19.495
2847	Häfelfingen	259	48	18.533
2848	Hemmiken	264	42	15.909
2849	Itingen	2323	492	21.180
2850	Känerkinden	527	85	16.129
2851	Kilchberg (BL)	171	36	21.053
2852	Läufelfingen	1369	256	18.700
2853	Maisprach	937	146	15.582
2854	Nusshof	276	56	20.290
2855	Oltingen	524	123	23.473
2856	Ormalingen	2330	470	20.172
2857	Rickenbach (BL)	581	108	18.589
2858	Rothenfluh	780	157	20.128
2859	Rümlingen	439	109	24.829
2860	Rünenberg	777	127	16.345
2861	Sissach	6812	1338	19.642
2862	Tecknau	818	158	19.315
2863	Tenniken	907	173	19.074
2864	Thürnen	1425	242	16.982
2865	Wenslingen	692	134	19.364
2866	Wintersingen	616	101	16.396
2867	Wittinsburg	428	78	18.224
2868	Zeglingen	502	107	21.315
2869	Zunzgen	2719	500	18.389
2881	Arboldswil	591	114	19.289
2882	Bennwil	659	159	24.127
2883	Bretzwil	749	154	20.561
2884	Diegten	1636	340	20.782
2885	Eptingen	563	110	19.538
2886	Hölstein	2609	562	21.541
2887	Lampenberg	546	121	22.161
2888	Langenbruck	965	146	15.130
2889	Lauwil	317	61	19.243
2890	Liedertswil	163	33	20.245
2891	Niederdorf	1791	319	17.811
2892	Oberdorf (BL)	2426	502	20.692
2893	Reigoldswil	1560	318	20.385
2894	Titterten	413	62	15.012
2895	Waldenburg	1099	176	16.015
2901	Gächlingen	929	209	22.497
2903	Löhningen	1615	389	24.087
2904	Neunkirch	2506	503	20.072
2914	Büttenhardt	420	92	21.905
2915	Dörflingen	1052	216	20.532
2917	Lohn (SH)	759	186	24.506
2919	Stetten (SH)	1467	357	24.335
2920	Thayngen	5690	1185	20.826
2931	Bargen (SH)	322	48	14.907
2932	Beringen	5153	1047	20.318
2933	Buchberg	880	166	18.864
2936	Merishausen	873	203	23.253
2937	Neuhausen am Rheinfall	10893	1991	18.278
2938	Rüdlingen	809	160	19.778
2939	Schaffhausen	37713	6672	17.692
2951	Beggingen	467	84	17.987
2952	Schleitheim	1738	332	19.102
2953	Siblingen	888	183	20.608
2961	Buch (SH)	310	42	13.548
2962	Hemishofen	478	77	16.109
2963	Ramsen	1540	285	18.506
2964	Stein am Rhein	3571	587	16.438
2971	Hallau	2335	500	21.413
2972	Oberhallau	429	84	19.580
2973	Trasadingen	639	125	19.562
2974	Wilchingen	1738	340	19.563
3001	Herisau	15744	3021	19.188
3002	Hundwil	931	260	27.927
3003	Schönengrund	545	130	23.853
3004	Schwellbrunn	1561	413	26.457
3005	Stein (AR)	1437	315	21.921
3006	Urnäsch	2300	517	22.478
3007	Waldstatt	1849	408	22.066
3021	Bühler	1841	419	22.759
3022	Gais	3116	646	20.732
3023	Speicher	4430	1002	22.619
3024	Teufen (AR)	6438	1206	18.733
3025	Trogen	1845	432	23.415
3031	Grub (AR)	984	202	20.528
3032	Heiden	4225	807	19.101
3033	Lutzenberg	1312	258	19.665
3034	Rehetobel	1726	333	19.293
3035	Reute (AR)	697	99	14.204
3036	Wald (AR)	914	197	21.554
3037	Walzenhausen	1984	330	16.633
3038	Wolfhalden	1880	370	19.681
3101	Appenzell	5864	1068	18.213
3102	Gonten	1466	351	23.943
3104	Schlatt-Haslen	1108	263	23.736
3111	Oberegg	1928	354	18.361
3112	Schwende-Rüte	6050	1356	22.413
3201	Häggenschwil	1393	358	25.700
3202	Muolen	1253	299	23.863
3203	St. Gallen	76931	13961	18.147
3204	Wittenbach	9914	2061	20.789
3211	Berg (SG)	988	234	23.684
3212	Eggersriet	2364	564	23.858
3213	Goldach	9562	1801	18.835
3214	Mörschwil	3619	762	21.056
3215	Rorschach	9777	1768	18.083
3216	Rorschacherberg	7620	1368	17.953
3217	Steinach	3583	684	19.090
3218	Tübach	1587	370	23.314
3219	Untereggen	1026	228	22.222
3231	Au (SG)	8252	1605	19.450
3232	Balgach	5067	1013	19.992
3233	Berneck	3963	804	20.288
3234	Diepoldsau	6889	1455	21.121
3235	Rheineck	3481	609	17.495
3236	St. Margrethen	6249	1263	20.211
3237	Thal	6914	1309	18.933
3238	Widnau	10178	2117	20.800
3251	Altstätten	12278	2475	20.158
3252	Eichberg	1556	333	21.401
3253	Marbach (SG)	2137	436	20.402
3254	Oberriet (SG)	9180	1962	21.373
3255	Rebstein	4906	934	19.038
3256	Rüthi (SG)	2472	537	21.723
3271	Buchs (SG)	13605	2840	20.875
3272	Gams	3606	833	23.100
3273	Grabs	7302	1598	21.884
3274	Sennwald	6101	1111	18.210
3275	Sevelen	5279	1146	21.709
3276	Wartau	5395	1180	21.872
3291	Bad Ragaz	6663	1191	17.875
3292	Flums	5211	1081	20.745
3293	Mels	9311	2038	21.888
3294	Pfäfers	1563	317	20.282
3295	Quarten	3000	525	17.500
3296	Sargans	6443	1327	20.596
3297	Vilters-Wangs	5015	1134	22.612
3298	Walenstadt	5763	1174	20.371
3311	Amden	1847	327	17.704
3312	Benken (SG)	3018	736	24.387
3313	Kaltbrunn	5051	1129	22.352
3315	Schänis	4021	918	22.830
3316	Weesen	1845	353	19.133
3338	Schmerikon	4110	817	19.878
3339	Uznach	6850	1509	22.029
3340	Rapperswil-Jona	28252	5318	18.823
3341	Gommiswald	5564	1083	19.464
3342	Eschenbach (SG)	9996	2173	21.739
3352	Ebnat-Kappel	4979	1019	20.466
3359	Wildhaus-Alt St. Johann	2612	549	21.018
3360	Nesslau	3733	799	21.404
3372	Hemberg	954	255	26.730
3374	Lichtensteig	1980	356	17.980
3375	Oberhelfenschwil	1246	284	22.793
3378	Neckertal	4124	928	22.502
3379	Wattwil	8954	1803	20.136
3392	Kirchberg (SG)	9632	2233	23.183
3393	Lütisburg	1619	407	25.139
3394	Mosnang	2920	750	25.685
3395	Bütschwil-Ganterschwil	5163	1172	22.700
3401	Degersheim	4081	1041	25.508
3402	Flawil	10446	2203	21.089
3405	Jonschwil	3961	917	23.151
3407	Oberuzwil	6536	1455	22.261
3408	Uzwil	13831	3069	22.189
3422	Niederbüren	1527	375	24.558
3423	Niederhelfenschwil	3201	827	25.836
3424	Oberbüren	4588	1035	22.559
3426	Zuzwil (SG)	4997	1043	20.873
3427	Wil (SG)	24541	4849	19.759
3441	Andwil (SG)	2115	546	25.816
3442	Gaiserwald	8523	1819	21.342
3443	Gossau (SG)	18226	3544	19.445
3444	Waldkirch	3528	914	25.907
3506	Vaz/Obervaz	2749	443	16.115
3513	Lantsch/Lenz	531	91	17.137
3514	Schmitten (GR)	212	25	11.792
3542	Albula/Alvra	1327	210	15.825
3543	Surses	2377	345	14.514
3544	Bergün Filisur	884	128	14.480
3551	Brusio	1124	170	15.125
3561	Poschiavo	3460	657	18.988
3572	Falera	637	108	16.954
3575	Laax	2001	280	13.993
3581	Sagogn	755	152	20.132
3582	Schluein	597	103	17.253
3603	Vals	955	138	14.450
3618	Lumnezia	2029	276	13.603
3619	Ilanz/Glion	4969	869	17.488
3633	Fürstenau	351	68	19.373
3637	Rothenbrunnen	301	62	20.598
3638	Scharans	822	169	20.560
3640	Sils im Domleschg	979	206	21.042
3661	Cazis	2346	458	19.523
3662	Flerden	251	57	22.709
3663	Masein	517	129	24.952
3668	Thusis	3415	623	18.243
3669	Tschappina	142	24	16.901
3670	Urmein	166	26	15.663
3672	Safiental	952	180	18.908
3673	Domleschg	2200	452	20.545
3681	Avers	168	37	22.024
3695	Sufers	145	37	25.517
3701	Andeer	921	179	19.435
3711	Rongellen	59	11	18.644
3712	Zillis-Reischen	404	62	15.347
3713	Ferrera	73	7	9.589
3714	Rheinwald	564	78	13.830
3715	Muntogna da Schons	383	81	21.149
3721	Bonaduz	3493	752	21.529
3722	Domat/Ems	8199	1674	20.417
3723	Rhäzüns	1612	371	23.015
3731	Felsberg	2781	666	23.948
3732	Flims	2917	445	15.255
3733	Tamins	1205	226	18.755
3734	Trin	1488	288	19.355
3746	Zernez	1532	276	18.016
3752	Samnaun	791	114	14.412
3762	Scuol	4601	799	17.366
3764	Valsot	826	143	17.312
3781	Bever	605	96	15.868
3782	Celerina/Schlarigna	1424	202	14.185
3783	Madulain	208	31	14.904
3784	Pontresina	2100	348	16.571
3785	La Punt Chamues-ch	698	96	13.754
3786	Samedan	2905	479	16.489
3787	St. Moritz	4924	659	13.383
3788	S-chanf	705	125	17.730
3789	Sils im Engadin/Segl	697	118	16.930
3790	Silvaplana	1083	145	13.389
3791	Zuoz	1228	297	24.186
3792	Bregaglia	1576	262	16.624
3804	Buseno	83	7	8.434
3805	Castaneda	268	34	12.687
3808	Rossa	158	11	6.962
3810	Santa Maria in Calanca	121	8	6.612
3821	Lostallo	856	148	17.290
3822	Mesocco	1365	192	14.066
3823	Soazza	332	32	9.639
3831	Cama	658	113	17.173
3832	Grono	1513	257	16.986
3834	Roveredo (GR)	2625	480	18.286
3835	San Vittore	875	101	11.543
3837	Calanca	217	23	10.599
3847	Val Müstair	1425	182	12.772
3851	Davos	10732	1828	17.033
3861	Fideris	613	109	17.781
3862	Furna	205	44	21.463
3863	Jenaz	1148	208	18.118
3871	Klosters	4423	661	14.945
3881	Conters im Prättigau	241	51	21.162
3882	Küblis	897	166	18.506
3891	Luzein	1624	313	19.273
3901	Chur	38129	6222	16.318
3911	Churwalden	2121	354	16.690
3921	Arosa	3061	365	11.924
3932	Tschiertschen-Praden	303	56	18.482
3945	Trimmis	3391	713	21.026
3946	Untervaz	2600	535	20.577
3947	Zizers	3545	704	19.859
3951	Fläsch	855	139	16.257
3952	Jenins	938	174	18.550
3953	Maienfeld	3141	589	18.752
3954	Malans	2506	491	19.593
3955	Landquart	9153	1844	20.146
3961	Grüsch	2153	401	18.625
3962	Schiers	2861	606	21.181
3972	Seewis im Prättigau	1426	286	20.056
3981	Breil/Brigels	1719	311	18.092
3982	Disentis/Mustér	2009	338	16.824
3983	Medel (Lucmagn)	332	30	9.036
3985	Sumvitg	1082	142	13.124
3986	Tujetsch	1180	167	14.153
3987	Trun	1152	174	15.104
3988	Obersaxen Mundaun	1138	187	16.432
4001	Aarau	21807	3908	17.921
4002	Biberstein	1624	287	17.672
4003	Buchs (AG)	8319	1856	22.310
4004	Densbüren	743	131	17.631
4005	Erlinsbach (AG)	4473	911	20.367
4006	Gränichen	8432	1725	20.458
4007	Hirschthal	1685	346	20.534
4008	Küttigen	6547	1351	20.635
4009	Muhen	4049	843	20.820
4010	Oberentfelden	8760	1888	21.553
4012	Suhr	10968	2436	22.210
4013	Unterentfelden	4391	944	21.499
4021	Baden	19839	3510	17.692
4022	Bellikon	1571	266	16.932
4023	Bergdietikon	2938	629	21.409
4024	Birmenstorf (AG)	3010	674	22.392
4026	Ennetbaden	3613	733	20.288
4027	Fislisbach	5984	1214	20.287
4028	Freienwil	1102	249	22.595
4029	Gebenstorf	5665	1167	20.600
4030	Killwangen	2072	442	21.332
4031	Künten	1888	383	20.286
4032	Mägenwil	2194	503	22.926
4033	Mellingen	6019	1297	21.548
4034	Neuenhof	8972	1890	21.066
4035	Niederrohrdorf	4498	899	19.987
4037	Oberrohrdorf	4165	769	18.463
4038	Obersiggenthal	8782	1842	20.975
4039	Remetschwil	2070	408	19.710
4040	Spreitenbach	12322	2810	22.805
4041	Stetten (AG)	2420	537	22.190
4042	Turgi	3010	526	17.475
4044	Untersiggenthal	7486	1608	21.480
4045	Wettingen	21094	4057	19.233
4046	Wohlenschwil	1820	399	21.923
4047	Würenlingen	5005	1083	21.638
4048	Würenlos	6727	1527	22.700
4049	Ehrendingen	4827	1050	21.753
4061	Arni (AG)	1886	400	21.209
4062	Berikon	4880	1037	21.250
4063	Bremgarten (AG)	8705	1644	18.886
4064	Büttikon	1111	240	21.602
4065	Dottikon	4085	862	21.102
4066	Eggenwil	1038	216	20.809
4067	Fischbach-Göslikon	1714	384	22.404
4068	Hägglingen	2454	494	20.130
4071	Jonen	2316	541	23.359
4072	Niederwil (AG)	3005	609	20.266
4073	Oberlunkhofen	2096	399	19.036
4074	Oberwil-Lieli	2586	538	20.804
4075	Rudolfstetten-Friedlisberg	4618	997	21.589
4076	Sarmenstorf	3066	672	21.918
4077	Tägerig	1527	368	24.100
4078	Uezwil	503	105	20.875
4079	Unterlunkhofen	1552	296	19.072
4080	Villmergen	7869	1802	22.900
4081	Widen	3877	783	20.196
4082	Wohlen (AG)	17133	3542	20.674
4083	Zufikon	4713	940	19.945
4084	Islisberg	694	155	22.334
4091	Auenstein	1669	311	18.634
4092	Birr	4605	1091	23.692
4093	Birrhard	757	138	18.230
4095	Brugg	12943	2392	18.481
4099	Habsburg	427	68	15.925
4100	Hausen (AG)	3810	764	20.052
4104	Lupfig	3291	636	19.325
4105	Mandach	343	76	22.157
4106	Mönthal	396	64	16.162
4107	Mülligen	1110	228	20.541
4110	Remigen	1359	282	20.751
4111	Riniken	1527	337	22.069
4112	Rüfenach	856	157	18.341
4117	Thalheim (AG)	912	176	19.298
4120	Veltheim (AG)	1517	304	20.040
4121	Villigen	2179	397	18.219
4122	Villnachern	1664	359	21.575
4123	Windisch	8022	1634	20.369
4124	Bözberg	1657	308	18.588
4125	Schinznach	2407	437	18.155
4131	Beinwil am See	3477	659	18.953
4132	Birrwil	1357	183	13.486
4133	Burg (AG)	1095	223	20.365
4134	Dürrenäsch	1348	338	25.074
4135	Gontenschwil	2124	384	18.079
4136	Holziken	1681	326	19.393
4137	Leimbach (AG)	502	95	18.924
4138	Leutwil	742	143	19.272
4139	Menziken	6779	1466	21.626
4140	Oberkulm	2863	628	21.935
4141	Reinach (AG)	9216	1862	20.204
4142	Schlossrued	840	157	18.690
4143	Schmiedrued	1159	223	19.241
4144	Schöftland	4520	834	18.451
4145	Teufenthal (AG)	1738	322	18.527
4146	Unterkulm	3519	760	21.597
4147	Zetzwil	1382	287	20.767
4161	Eiken	2409	486	20.174
4163	Frick	5718	1155	20.199
4164	Gansingen	1079	213	19.741
4165	Gipf-Oberfrick	3802	750	19.726
4166	Herznach	1588	345	21.725
4169	Kaisten	2824	521	18.449
4170	Laufenburg	3688	751	20.363
4172	Münchwilen (AG)	1034	205	19.826
4173	Oberhof	576	148	25.694
4175	Oeschgen	1150	240	20.870
4176	Schwaderloch	703	123	17.496
4177	Sisseln	1684	321	19.062
4179	Ueken	975	182	18.667
4181	Wittnau	1385	285	20.578
4182	Wölflinswil	1029	214	20.797
4183	Zeihen	1220	265	21.721
4184	Mettauertal	2101	371	17.658
4185	Böztal	2843	594	20.893
4191	Ammerswil	777	192	24.710
4192	Boniswil	1669	317	18.993
4193	Brunegg	877	193	22.007
4194	Dintikon	2379	536	22.530
4195	Egliswil	1544	281	18.199
4196	Fahrwangen	2456	540	21.987
4197	Hallwil	1003	188	18.744
4198	Hendschiken	1334	285	21.364
4199	Holderbank (AG)	1487	269	18.090
4200	Hunzenschwil	4308	905	21.007
4201	Lenzburg	11054	1991	18.012
4202	Meisterschwanden	3266	521	15.952
4203	Möriken-Wildegg	4676	970	20.744
4204	Niederlenz	4781	1135	23.740
4205	Othmarsingen	3096	682	22.028
4206	Rupperswil	5912	1293	21.871
4207	Schafisheim	3037	657	21.633
4208	Seengen	4333	871	20.102
4209	Seon	5433	1153	21.222
4210	Staufen	4174	886	21.227
4221	Abtwil	1054	234	22.201
4222	Aristau	1588	332	20.907
4223	Auw	2279	595	26.108
4224	Beinwil (Freiamt)	1248	305	24.439
4226	Besenbüren	628	141	22.452
4227	Bettwil	680	147	21.618
4228	Boswil	3031	677	22.336
4229	Bünzen	1197	259	21.637
4230	Buttwil	1274	279	21.900
4231	Dietwil	1428	336	23.529
4232	Geltwil	225	48	21.333
4233	Kallern	408	115	28.186
4234	Merenschwand	3757	841	22.385
4235	Mühlau	1259	270	21.446
4236	Muri (AG)	8381	1700	20.284
4237	Oberrüti	1594	395	24.780
4238	Rottenschwil	913	138	15.115
4239	Sins	4352	990	22.748
4240	Waltenschwil	3088	636	20.596
4251	Hellikon	817	154	18.849
4252	Kaiseraugst	5490	1064	19.381
4253	Magden	3894	799	20.519
4254	Möhlin	11231	2348	20.906
4255	Mumpf	1541	233	15.120
4256	Obermumpf	1076	203	18.866
4257	Olsberg	361	58	16.066
4258	Rheinfelden	13624	2426	17.807
4259	Schupfart	859	151	17.579
4260	Stein (AG)	3405	649	19.060
4261	Wallbach	2061	385	18.680
4262	Wegenstetten	1007	178	17.676
4263	Zeiningen	2494	512	20.529
4264	Zuzgen	892	175	19.619
4271	Aarburg	8746	1786	20.421
4273	Bottenwil	852	188	22.066
4274	Brittnau	4130	818	19.806
4275	Kirchleerau	928	186	20.043
4276	Kölliken	4757	1079	22.682
4277	Moosleerau	919	176	19.151
4279	Murgenthal	3064	602	19.648
4280	Oftringen	15020	3289	21.897
4281	Reitnau	1583	359	22.678
4282	Rothrist	9565	2100	21.955
4283	Safenwil	4412	890	20.172
4284	Staffelbach	1342	263	19.598
4285	Strengelbach	4948	959	19.382
4286	Uerkheim	1391	269	19.339
4287	Vordemwald	1978	412	20.829
4288	Wiliberg	167	25	14.970
4289	Zofingen	12453	2363	18.975
4303	Böttstein	4143	832	20.082
4304	Döttingen	4375	858	19.611
4305	Endingen	2610	590	22.605
4306	Fisibach	582	141	24.227
4307	Full-Reuenthal	958	215	22.443
4309	Klingnau	3603	731	20.289
4310	Koblenz	1673	326	19.486
4311	Leibstadt	1507	291	19.310
4312	Lengnau (AG)	2866	645	22.505
4313	Leuggern	2345	413	17.612
4314	Mellikon	231	49	21.212
4318	Schneisingen	1526	275	18.021
4319	Siglistorf	713	140	19.635
4320	Tegerfelden	1282	261	20.359
4324	Zurzach	7911	1400	17.697
4401	Arbon	15459	2989	19.335
4406	Dozwil	715	164	22.937
4411	Egnach	4897	1081	22.075
4416	Hefenhofen	1309	266	20.321
4421	Horn	2907	463	15.927
4426	Kesswil	1007	217	21.549
4431	Roggwil (TG)	3358	748	22.275
4436	Romanshorn	11556	2183	18.891
4441	Salmsach	1576	337	21.383
4446	Sommeri	654	140	21.407
4451	Uttwil	1918	358	18.665
4461	Amriswil	14313	2968	20.736
4471	Bischofszell	6064	1231	20.300
4476	Erlen	3888	931	23.945
4486	Hauptwil-Gottshaus	2040	472	23.137
4495	Hohentannen	661	147	22.239
4501	Kradolf-Schönenberg	3669	716	19.515
4506	Sulgen	4056	816	20.118
4511	Zihlschlacht-Sitterdorf	2534	565	22.297
4536	Basadingen-Schlattingen	1846	382	20.693
4545	Diessenhofen	4118	793	19.257
4546	Schlatt (TG)	1859	389	20.925
4551	Aadorf	9422	1929	20.473
4561	Felben-Wellhausen	3199	662	20.694
4566	Frauenfeld	26093	4998	19.155
4571	Gachnang	4564	1004	21.998
4590	Hüttlingen	852	178	20.892
4591	Matzingen	3112	665	21.369
4601	Neunforn	1088	210	19.301
4606	Stettfurt	1237	299	24.171
4611	Thundorf	1598	370	23.154
4616	Uesslingen-Buch	1120	219	19.554
4621	Warth-Weiningen	1400	285	20.357
4641	Altnau	2347	516	21.986
4643	Bottighofen	2696	517	19.177
4646	Ermatingen	3770	695	18.435
4651	Gottlieben	345	62	17.971
4656	Güttingen	1716	349	20.338
4666	Kemmental	2729	607	22.243
4671	Kreuzlingen	22788	4068	17.852
4681	Langrickenbach	1442	333	23.093
4683	Lengwil	1759	395	22.456
4691	Münsterlingen	3522	664	18.853
4696	Tägerwilen	5147	1089	21.158
4701	Wäldi	1119	243	21.716
4711	Affeltrangen	2786	671	24.085
4716	Bettwiesen	1275	249	19.529
4721	Bichelsee-Balterswil	3007	660	21.949
4723	Braunau	855	183	21.404
4724	Eschlikon	4847	978	20.177
4726	Fischingen	2933	661	22.537
4741	Lommis	1254	279	22.249
4746	Münchwilen (TG)	5854	1341	22.907
4751	Rickenbach (TG)	2999	601	20.040
4756	Schönholzerswilen	882	216	24.490
4761	Sirnach	7963	1565	19.653
4776	Tobel-Tägerschen	1616	350	21.658
4781	Wängi	4816	1084	22.508
4786	Wilen (TG)	2508	614	24.482
4791	Wuppenau	1189	301	25.315
4801	Berlingen	928	136	14.655
4806	Eschenz	1882	363	19.288
4811	Herdern	1136	228	20.070
4816	Homburg	1579	363	22.989
4821	Hüttwilen	1775	417	23.493
4826	Mammern	693	143	20.635
4831	Müllheim	3218	651	20.230
4841	Pfyn	2208	464	21.014
4846	Raperswilen	435	89	20.460
4851	Salenstein	1440	233	16.181
4864	Steckborn	3997	701	17.538
4871	Wagenhausen	1787	348	19.474
4881	Amlikon-Bissegg	1373	274	19.956
4891	Berg (TG)	3532	785	22.225
4901	Birwinken	1381	304	22.013
4911	Bürglen (TG)	4067	785	19.302
4921	Bussnang	2546	583	22.899
4941	Märstetten	2927	615	21.011
4946	Weinfelden	11893	2348	19.743
4951	Wigoltingen	2600	568	21.846
5001	Arbedo-Castione	5082	975	19.185
5002	Bellinzona	44270	8447	19.081
5003	Cadenazzo	3068	640	20.860
5009	Isone	388	62	15.979
5010	Lumino	1613	316	19.591
5017	Sant'Antonino	2584	472	18.266
5048	Acquarossa	1831	291	15.893
5049	Blenio	1745	289	16.562
5050	Serravalle	2053	362	17.633
5061	Airolo	1432	213	14.874
5063	Bedretto	94	3	3.191
5064	Bodio	890	163	18.315
5071	Dalpe	177	21	11.864
5072	Faido	2782	427	15.349
5073	Giornico	790	125	15.823
5076	Personico	308	53	17.208
5077	Pollegio	844	135	15.995
5078	Prato (Leventina)	381	62	16.273
5079	Quinto	951	143	15.037
5091	Ascona	5436	743	13.668
5096	Brione sopra Minusio	452	46	10.177
5097	Brissago	1613	166	10.291
5108	Gordola	4820	849	17.614
5112	Lavertezzo	1213	283	23.331
5113	Locarno	16241	2587	15.929
5115	Losone	6713	1193	17.771
5117	Mergoscia	198	23	11.616
5118	Minusio	7421	1167	15.726
5120	Muralto	2579	277	10.741
5121	Orselina	701	39	5.563
5125	Ronco sopra Ascona	538	35	6.506
5131	Tenero-Contra	3244	612	18.866
5136	Onsernone	675	62	9.185
5138	Cugnasco-Gerra	2851	553	19.397
5141	Agno	4468	792	17.726
5143	Aranno	361	71	19.668
5144	Arogno	955	160	16.754
5146	Astano	299	41	13.712
5148	Bedano	1495	310	20.736
5149	Bedigliora	620	113	18.226
5151	Bioggio	2737	452	16.514
5154	Bissone	945	118	12.487
5160	Brusino Arsizio	458	65	14.192
5161	Cademario	789	147	18.631
5162	Cadempino	1501	263	17.522
5167	Canobbio	2330	421	18.069
5171	Caslano	4329	800	18.480
5176	Comano	2155	467	21.671
5180	Cureglia	1487	306	20.578
5181	Curio	608	102	16.776
5186	Grancia	473	84	17.759
5187	Gravesano	1367	261	19.093
5189	Lamone	1736	288	16.590
5192	Lugano	62464	10651	17.051
5193	Magliaso	1652	273	16.525
5194	Manno	1330	258	19.398
5196	Massagno	6575	1201	18.266
5198	Melide	1796	293	16.314
5199	Mezzovico-Vira	1382	300	21.708
5200	Miglieglia	310	72	23.226
5203	Morcote	714	86	12.045
5205	Muzzano	814	129	15.848
5206	Neggio	322	54	16.770
5207	Novaggio	827	144	17.412
5208	Origlio	1512	344	22.751
5210	Paradiso	4624	740	16.003
5212	Ponte Capriasca	1922	431	22.425
5214	Porza	1595	238	14.922
5216	Pura	1364	254	18.622
5221	Savosa	2207	441	19.982
5225	Sorengo	2070	476	22.995
5226	Capriasca	6740	1337	19.837
5227	Torricella-Taverne	3080	604	19.610
5230	Vernate	620	112	18.065
5231	Vezia	1917	388	20.240
5233	Vico Morcote	415	70	16.867
5236	Collina d'Oro	4816	961	19.954
5237	Alto Malcantone	1385	226	16.318
5238	Monteceneri	4688	924	19.710
5239	Tresa	3075	490	15.935
5240	Val Mara	2992	549	18.349
5242	Balerna	3291	521	15.831
5249	Castel San Pietro	2227	389	17.467
5250	Chiasso	7420	1116	15.040
5251	Coldrerio	2848	445	15.625
5254	Mendrisio	14909	2492	16.715
5257	Morbio Inferiore	4371	818	18.714
5260	Novazzano	2346	395	16.837
5263	Riva San Vitale	2663	449	16.861
5266	Stabio	4461	855	19.166
5268	Vacallo	3346	580	17.334
5269	Breggia	1914	308	16.092
5281	Biasca	6110	1160	18.985
5287	Riviera	4188	846	20.201
5304	Bosco/Gurin	53	5	9.434
5307	Campo (Vallemaggia)	49	3	6.122
5309	Cerentino	36	2	5.556
5310	Cevio	1110	193	17.387
5315	Linescio	42	1	2.381
5317	Maggia	2618	486	18.564
5323	Lavizzara	489	77	15.746
5324	Avegno Gordevio	1557	326	20.938
5396	Terre di Pedemonte	2694	494	18.337
5397	Centovalli	1102	136	12.341
5398	Gambarogno	5076	846	16.667
5399	Verzasca	804	109	13.557
5401	Aigle	10913	2453	22.478
5402	Bex	8167	1902	23.289
5403	Chessel	528	121	22.917
5404	Corbeyrier	440	72	16.364
5405	Gryon	1387	269	19.394
5406	Lavey-Morcles	978	221	22.597
5407	Leysin	3719	968	26.029
5408	Noville	1169	277	23.695
5409	Ollon	7968	2124	26.657
5410	Ormont-Dessous	1175	234	19.915
5411	Ormont-Dessus	1424	226	15.871
5412	Rennaz	925	223	24.108
5413	Roche (VD)	1938	519	26.780
5414	Villeneuve (VD)	5968	1324	22.185
5415	Yvorne	1086	220	20.258
5422	Aubonne	3791	835	22.026
5423	Ballens	589	134	22.750
5424	Berolle	301	63	20.930
5425	Bière	1674	364	21.744
5426	Bougy-Villars	507	99	19.527
5427	Féchy	888	225	25.338
5428	Gimel	2418	590	24.400
5429	Longirod	538	113	21.004
5430	Marchissy	499	114	22.846
5431	Mollens (VD)	324	52	16.049
5434	Saint-George	1066	255	23.921
5435	Saint-Livres	696	155	22.270
5436	Saint-Oyens	455	119	26.154
5437	Saubraz	448	126	28.125
5451	Avenches	4685	1069	22.818
5456	Cudrefin	1875	429	22.880
5458	Faoug	907	176	19.405
5464	Vully-les-Lacs	3528	763	21.627
5471	Bettens	650	155	23.846
5472	Bournens	511	129	25.245
5473	Boussens	1006	262	26.044
5474	La Chaux (Cossonay)	413	91	22.034
5475	Chavannes-le-Veyron	163	46	28.221
5476	Chevilly	331	85	25.680
5477	Cossonay	4386	977	22.275
5479	Cuarnens	545	131	24.037
5480	Daillens	1057	274	25.922
5481	Dizy	232	51	21.983
5482	Eclépens	1198	274	22.871
5483	Ferreyres	308	80	25.974
5484	Gollion	1030	231	22.427
5485	Grancy	489	127	25.971
5486	L'Isle	1093	239	21.866
5487	Lussery-Villars	482	106	21.992
5488	Mauraz	65	16	24.615
5489	Mex (VD)	818	167	20.416
5490	Moiry	297	62	20.875
5491	Mont-la-Ville	502	126	25.100
5492	Montricher	979	191	19.510
5493	Orny	486	112	23.045
5495	Penthalaz	3209	700	21.814
5496	Penthaz	1923	481	25.013
5497	Pompaples	858	213	24.825
5498	La Sarraz	2607	606	23.245
5499	Senarclens	495	117	23.636
5501	Sullens	1168	268	22.945
5503	Vufflens-la-Ville	1337	291	21.765
5511	Assens	1672	387	23.146
5512	Bercher	1359	351	25.828
5514	Bottens	1351	332	24.574
5515	Bretigny-sur-Morrens	877	216	24.629
5516	Cugy (VD)	2696	668	24.777
5518	Echallens	5812	1341	23.073
5520	Essertines-sur-Yverdon	1081	272	25.162
5521	Etagnières	1147	263	22.929
5522	Fey	737	188	25.509
5523	Froideville	2722	701	25.753
5527	Morrens (VD)	1172	282	24.061
5529	Oulens-sous-Echallens	606	143	23.597
5530	Pailly	566	146	25.795
5531	Penthéréaz	431	106	24.594
5533	Poliez-Pittet	846	212	25.059
5534	Rueyres	303	70	23.102
5535	Saint-Barthélemy (VD)	806	176	21.836
5537	Villars-le-Terroir	1307	338	25.861
5539	Vuarrens	1107	320	28.907
5540	Montilliez	1894	447	23.601
5541	Goumoëns	1171	327	27.925
5551	Bonvillars	502	106	21.116
5552	Bullet	656	110	16.768
5553	Champagne	1073	252	23.486
5554	Concise	1004	220	21.912
5555	Corcelles-près-Concise	413	93	22.518
5556	Fiez	437	109	24.943
5557	Fontaines-sur-Grandson	214	53	24.766
5559	Giez	448	91	20.313
5560	Grandevent	237	50	21.097
5561	Grandson	3360	690	20.536
5562	Mauborget	139	23	16.547
5563	Mutrux	151	42	27.815
5564	Novalles	99	24	24.242
5565	Onnens (VD)	495	113	22.828
5566	Provence	403	60	14.888
5568	Sainte-Croix	4876	875	17.945
5571	Tévenon	867	203	23.414
5581	Belmont-sur-Lausanne	3837	904	23.560
5582	Cheseaux-sur-Lausanne	4517	962	21.297
5583	Crissier	9181	1997	21.751
5584	Epalinges	9822	2216	22.562
5585	Jouxtens-Mézery	1468	314	21.390
5586	Lausanne	141418	27328	19.324
5587	Le Mont-sur-Lausanne	9291	2377	25.584
5588	Paudex	1550	284	18.323
5589	Prilly	12294	2382	19.375
5590	Pully	18984	3823	20.138
5591	Renens (VD)	21086	4351	20.635
5592	Romanel-sur-Lausanne	3788	786	20.750
5601	Chexbres	2202	467	21.208
5604	Forel (Lavaux)	2064	472	22.868
5606	Lutry	10718	2103	19.621
5607	Puidoux	2992	660	22.059
5609	Rivaz	332	49	14.759
5610	Saint-Saphorin (Lavaux)	401	84	20.948
5611	Savigny	3418	730	21.358
5613	Bourg-en-Lavaux	5386	1067	19.811
5621	Aclens	557	123	22.083
5622	Bremblens	606	143	23.597
5623	Buchillon	674	148	21.958
5624	Bussigny	10365	2339	22.566
5627	Chavannes-près-Renens	8737	2023	23.154
5628	Chigny	419	120	28.640
5629	Clarmont	213	50	23.474
5631	Denens	714	135	18.908
5632	Denges	1774	372	20.970
5633	Echandens	2895	625	21.589
5634	Echichens	3208	744	23.192
5635	Ecublens (VD)	13118	2859	21.794
5636	Etoy	2931	628	21.426
5637	Lavigny	1034	254	24.565
5638	Lonay	2672	504	18.862
5639	Lully (VD)	824	207	25.121
5640	Lussy-sur-Morges	729	197	27.023
5642	Morges	17529	3216	18.347
5643	Préverenges	5204	1143	21.964
5645	Romanel-sur-Morges	460	88	19.130
5646	Saint-Prex	5871	1366	23.267
5648	Saint-Sulpice (VD)	5046	1116	22.117
5649	Tolochenaz	1890	419	22.169
5650	Vaux-sur-Morges	185	40	21.622
5651	Villars-Sainte-Croix	982	203	20.672
5652	Villars-sous-Yens	615	138	22.439
5653	Vufflens-le-Château	884	223	25.226
5654	Vullierens	561	122	21.747
5655	Yens	1511	370	24.487
5656	Hautemorges	4256	997	23.426
5661	Boulens	382	88	23.037
5663	Bussy-sur-Moudon	246	57	23.171
5665	Chavannes-sur-Moudon	218	39	17.890
5669	Curtilles	290	54	18.621
5671	Dompierre (VD)	248	54	21.774
5673	Hermenches	371	71	19.137
5674	Lovatens	143	27	18.881
5675	Lucens	4414	1118	25.329
5678	Moudon	6124	1593	26.012
5680	Ogens	324	89	27.469
5683	Prévonloup	220	52	23.636
5684	Rossenges	92	16	17.391
5688	Syens	163	35	21.472
5690	Villars-le-Comte	138	27	19.565
5692	Vucherens	635	154	24.252
5693	Montanaire	2819	724	25.683
5701	Arnex-sur-Nyon	243	61	25.103
5702	Arzier-Le Muids	2960	728	24.595
5703	Bassins	1486	360	24.226
5704	Begnins	1941	435	22.411
5705	Bogis-Bossey	932	274	29.399
5706	Borex	1139	282	24.759
5707	Chavannes-de-Bogis	1340	373	27.836
5708	Chavannes-des-Bois	1014	320	31.558
5709	Chéserex	1245	268	21.526
5710	Coinsins	498	109	21.888
5711	Commugny	2976	826	27.755
5712	Coppet	3206	783	24.423
5713	Crans (VD)	2363	587	24.841
5714	Crassier	1236	323	26.133
5715	Duillier	1113	263	23.630
5716	Eysins	1775	468	26.366
5717	Founex	3775	1026	27.179
5718	Genolier	2020	527	26.089
5719	Gingins	1266	276	21.801
5720	Givrins	1021	222	21.743
5721	Gland	13664	3162	23.141
5722	Grens	399	84	21.053
5723	Mies	2236	640	28.623
5724	Nyon	22465	4778	21.269
5725	Prangins	4278	995	23.259
5726	La Rippe	1200	288	24.000
5727	Saint-Cergue	2788	587	21.055
5728	Signy-Avenex	586	151	25.768
5729	Tannay	1721	455	26.438
5730	Trélex	1430	329	23.007
5731	Le Vaud	1403	355	25.303
5732	Vich	1160	283	24.397
5741	L'Abergement	260	63	24.231
5742	Agiez	379	101	26.649
5743	Arnex-sur-Orbe	691	165	23.878
5744	Ballaigues	1153	252	21.856
5745	Baulmes	1135	233	20.529
5746	Bavois	1010	210	20.792
5747	Bofflens	203	48	23.645
5748	Bretonnières	264	68	25.758
5749	Chavornay	5395	1307	24.226
5750	Les Clées	186	36	19.355
5752	Croy	386	65	16.839
5754	Juriens	347	69	19.885
5755	Lignerolle	447	109	24.385
5756	Montcherand	496	128	25.806
5757	Orbe	7613	1728	22.698
5758	La Praz	183	33	18.033
5759	Premier	236	57	24.153
5760	Rances	521	104	19.962
5761	Romainmôtier-Envy	559	126	22.540
5762	Sergey	140	34	24.286
5763	Valeyres-sous-Rances	606	140	23.102
5764	Vallorbe	3958	898	22.688
5765	Vaulion	483	95	19.669
5766	Vuiteboeuf	592	134	22.635
5785	Corcelles-le-Jorat	483	103	21.325
5790	Maracon	546	128	23.443
5792	Montpreveyres	661	161	24.357
5798	Ropraz	527	131	24.858
5799	Servion	2138	512	23.948
5803	Vulliens	633	163	25.750
5804	Jorat-Menthue	1563	364	23.289
5805	Oron	6114	1464	23.945
5806	Jorat-Mézières	3104	755	24.323
5812	Champtauroz	169	51	30.178
5813	Chevroux	519	113	21.773
5816	Corcelles-près-Payerne	2844	674	23.699
5817	Grandcour	1000	247	24.700
5819	Henniez	412	119	28.883
5821	Missy	387	102	26.357
5822	Payerne	10342	2450	23.690
5827	Trey	300	74	24.667
5828	Treytorrens (Payerne)	105	22	20.952
5830	Villarzel	487	126	25.873
5831	Valbroye	3362	791	23.528
5841	Château-d'Oex	3564	718	20.146
5842	Rossinière	532	117	21.992
5843	Rougemont	829	143	17.250
5851	Allaman	424	75	17.689
5852	Bursinel	504	122	24.206
5853	Bursins	766	172	22.454
5854	Burtigny	414	110	26.570
5855	Dully	626	143	22.843
5856	Essertines-sur-Rolle	743	206	27.725
5857	Gilly	1446	322	22.268
5858	Luins	614	139	22.638
5859	Mont-sur-Rolle	2767	667	24.106
5860	Perroy	1547	358	23.142
5861	Rolle	6322	1653	26.147
5862	Tartegnin	249	69	27.711
5863	Vinzel	379	81	21.372
5871	L'Abbaye	1534	305	19.883
5872	Le Chenit	4603	945	20.530
5873	Le Lieu	886	182	20.542
5882	Chardonne	3186	561	17.608
5883	Corseaux	2303	407	17.673
5884	Corsier-sur-Vevey	3362	649	19.304
5885	Jongny	1842	397	21.553
5886	Montreux	26230	5183	19.760
5889	La Tour-de-Peilz	12382	2561	20.683
5890	Vevey	19738	3791	19.207
5891	Veytaux	975	177	18.154
5892	Blonay - Saint-Légier	12117	2769	22.852
5902	Belmont-sur-Yverdon	435	104	23.908
5903	Bioley-Magnoux	247	53	21.457
5904	Chamblon	567	104	18.342
5905	Champvent	727	181	24.897
5907	Chavannes-le-Chêne	316	70	22.152
5908	Chêne-Pâquier	162	43	26.543
5909	Cheseaux-Noréaz	735	171	23.265
5910	Cronay	410	102	24.878
5911	Cuarny	237	51	21.519
5912	Démoret	167	42	25.150
5913	Donneloye	905	246	27.182
5914	Ependes (VD)	372	92	24.731
5919	Mathod	684	153	22.368
5921	Molondin	259	57	22.008
5922	Montagny-près-Yverdon	772	181	23.446
5923	Oppens	203	40	19.704
5924	Orges	406	102	25.123
5925	Orzens	208	39	18.750
5926	Pomy	864	229	26.505
5928	Rovray	194	57	29.381
5929	Suchy	671	178	26.528
5930	Suscévaz	219	60	27.397
5931	Treycovagnes	521	117	22.457
5932	Ursins	231	50	21.645
5933	Valeyres-sous-Montagny	703	147	20.910
5934	Valeyres-sous-Ursins	241	45	18.672
5935	Villars-Epeney	91	21	23.077
5937	Vugelles-La Mothe	137	37	27.007
5938	Yverdon-les-Bains	29827	6543	21.937
5939	Yvonand	3529	812	23.009
6002	Brig-Glis	13642	2422	17.754
6004	Eggerberg	317	42	13.249
6007	Naters	10484	1921	18.323
6008	Ried-Brig	2183	501	22.950
6009	Simplon	290	39	13.448
6010	Termen	1152	280	24.306
6011	Zwischbergen	73	3	4.110
6021	Ardon	3564	808	22.671
6022	Chamoson	4178	864	20.680
6023	Conthey	8983	1906	21.218
6024	Nendaz	6943	1270	18.292
6025	Vétroz	6510	1482	22.765
6032	Bourg-Saint-Pierre	218	28	12.844
6033	Liddes	745	153	20.537
6034	Orsières	3237	701	21.656
6035	Sembrancher	1050	206	19.619
6037	Val de Bagnes	10693	2029	18.975
6052	Bellwald	338	45	13.314
6054	Binn	128	21	16.406
6056	Ernen	528	59	11.174
6057	Fiesch	925	126	13.622
6058	Fieschertal	351	79	22.507
6061	Lax	333	75	22.523
6076	Obergoms	640	89	13.906
6077	Goms	1142	154	13.485
6082	Ayent	4247	842	19.826
6083	Evolène	1655	247	14.924
6084	Hérémence	1488	218	14.651
6087	Saint-Martin (VS)	832	126	15.144
6089	Vex	1854	354	19.094
6090	Mont-Noble	1112	148	13.309
6101	Agarn	709	106	14.951
6102	Albinen	253	27	10.672
6104	Ergisch	179	18	10.056
6109	Inden	116	15	12.931
6110	Leuk	4134	755	18.263
6111	Leukerbad	1295	169	13.050
6112	Oberems	127	11	8.661
6113	Salgesch	1659	328	19.771
6116	Varen	692	122	17.630
6117	Guttet-Feschel	437	71	16.247
6118	Gampel-Bratsch	2116	365	17.250
6119	Turtmann-Unterems	1160	224	19.310
6131	Bovernier	911	189	20.746
6133	Fully	9049	1972	21.792
6134	Isérables	829	144	17.370
6135	Leytron	3281	571	17.403
6136	Martigny	20974	4244	20.235
6137	Martigny-Combe	2336	429	18.365
6139	Riddes	3535	754	21.330
6140	Saillon	2995	673	22.471
6141	Saxon	6690	1438	21.495
6142	Trient	160	29	18.125
6151	Champéry	1350	206	15.259
6152	Collombey-Muraz	9739	2253	23.134
6153	Monthey	18446	3731	20.227
6154	Port-Valais	4397	886	20.150
6155	Saint-Gingolph	988	165	16.700
6156	Troistorrents	4838	1003	20.732
6157	Val-d'Illiez	2146	416	19.385
6158	Vionnaz	2902	600	20.675
6159	Vouvry	4473	1054	23.564
6172	Bister	41	4	9.756
6173	Bitsch	1122	235	20.945
6177	Grengiols	419	70	16.706
6181	Riederalp	427	84	19.672
6191	Ausserberg	630	111	17.619
6192	Blatten	298	51	17.114
6193	Bürchen	750	110	14.667
6194	Eischoll	445	55	12.360
6195	Ferden	251	29	11.554
6197	Kippel	324	37	11.420
6198	Niedergesteln	743	144	19.381
6199	Raron	1955	397	20.307
6201	Unterbäch	485	78	16.082
6202	Wiler (Lötschen)	554	94	16.968
6203	Mörel-Filet	720	133	18.472
6204	Steg-Hohtenn	1711	300	17.534
6205	Bettmeralp	463	77	16.631
6211	Collonges	843	186	22.064
6212	Dorénaz	1086	256	23.573
6213	Evionnaz	1416	298	21.045
6214	Finhaut	363	59	16.253
6215	Massongex	1984	421	21.220
6217	Saint-Maurice	4540	937	20.639
6218	Salvan	1469	262	17.835
6219	Vernayaz	1812	337	18.598
6220	Vérossaz	866	205	23.672
6232	Chalais	3759	763	20.298
6235	Chippis	1556	316	20.308
6238	Grône	2545	523	20.550
6239	Icogne	636	105	16.509
6240	Lens	4406	710	16.114
6246	Saint-Léonard	2548	500	19.623
6248	Sierre	17295	3258	18.838
6252	Anniviers	2703	450	16.648
6253	Crans-Montana	10271	1583	15.412
6254	Noble-Contrée	4635	989	21.338
6261	Arbaz	1390	248	17.842
6263	Grimisuat	3774	907	24.033
6265	Savièse	8097	1541	19.032
6266	Sion	35650	6720	18.850
6267	Veysonnaz	594	121	20.370
6281	Baltschieder	1355	307	22.657
6282	Eisten	189	13	6.878
6283	Embd	286	39	13.636
6285	Grächen	1271	190	14.949
6286	Lalden	706	124	17.564
6287	Randa	440	73	16.591
6288	Saas-Almagell	360	51	14.167
6289	Saas-Balen	368	54	14.674
6290	Saas-Fee	1561	270	17.297
6291	Saas-Grund	1005	163	16.219
6292	St. Niklaus	2242	420	18.733
6293	Stalden (VS)	1103	169	15.322
6294	Staldenried	566	90	15.901
6295	Täsch	1333	263	19.730
6296	Törbel	497	84	16.901
6297	Visp	8305	1531	18.435
6298	Visperterminen	1310	227	17.328
6299	Zeneggen	312	63	20.192
6300	Zermatt	5746	900	15.663
6404	Boudry	6267	1445	23.057
6408	Cortaillod	4707	972	20.650
6413	Rochefort	1313	254	19.345
6416	Milvignes	9217	1947	21.124
6417	La Grande Béroche	9029	1770	19.603
6421	La Chaux-de-Fonds	36527	7331	20.070
6422	Les Planchettes	213	46	21.596
6423	La Sagne	1069	252	23.573
6432	La Brévine	606	115	18.977
6433	Brot-Plamboz	282	78	27.660
6434	Le Cerneux-Péquignot	325	84	25.846
6435	La Chaux-du-Milieu	489	125	25.562
6436	Le Locle	10746	2188	20.361
6437	Les Ponts-de-Martel	1239	245	19.774
6451	Cornaux	1635	317	19.388
6452	Cressier (NE)	1888	381	20.180
6453	Enges	270	63	23.333
6454	Hauterive (NE)	2692	522	19.391
6455	Le Landeron	4680	945	20.192
6456	Lignières	1006	257	25.547
6458	Neuchâtel	44597	8458	18.965
6459	Saint-Blaise	3284	663	20.189
6461	La Tène	5379	1232	22.904
6487	Val-de-Ruz	17410	4133	23.739
6504	La Côte-aux-Fées	491	110	22.403
6511	Les Verrières	652	146	22.393
6512	Val-de-Travers	10558	2078	19.682
6601	Aire-la-Ville	1145	277	24.192
6602	Anières	2417	552	22.838
6603	Avully	1708	406	23.770
6604	Avusy	1377	284	20.625
6605	Bardonnex	2531	570	22.521
6606	Bellevue	4075	1063	26.086
6607	Bernex	10250	2221	21.668
6608	Carouge (GE)	22164	4585	20.687
6609	Cartigny	1021	250	24.486
6610	Céligny	845	212	25.089
6611	Chancy	1671	482	28.845
6612	Chêne-Bougeries	13261	3138	23.663
6613	Chêne-Bourg	8836	1926	21.797
6614	Choulex	1222	279	22.831
6615	Collex-Bossy	1727	439	25.420
6616	Collonge-Bellerive	8496	2130	25.071
6617	Cologny	5970	1392	23.317
6618	Confignon	4593	1072	23.340
6619	Corsier (GE)	2267	536	23.644
6620	Dardagny	1799	401	22.290
6621	Genève	203840	36330	17.823
6622	Genthod	2884	653	22.642
6623	Le Grand-Saconnex	12607	3146	24.954
6624	Gy	499	117	23.447
6625	Hermance	1189	292	24.558
6626	Jussy	1193	278	23.303
6627	Laconnex	703	150	21.337
6628	Lancy	34656	8117	23.422
6629	Meinier	2069	452	21.846
6630	Meyrin	26517	6168	23.261
6631	Onex	18773	4125	21.973
6632	Perly-Certoux	3141	694	22.095
6633	Plan-les-Ouates	12088	2950	24.404
6634	Pregny-Chambésy	3992	1000	25.050
6635	Presinge	737	163	22.117
6636	Puplinge	2527	607	24.021
6637	Russin	536	102	19.030
6638	Satigny	4449	1131	25.421
6639	Soral	963	225	23.364
6640	Thônex	16115	3494	21.682
6641	Troinex	2600	623	23.962
6642	Vandoeuvres	2851	675	23.676
6643	Vernier	36572	8325	22.763
6644	Versoix	13337	3445	25.830
6645	Veyrier	11901	2940	24.704
6702	Boécourt	951	204	21.451
6703	Bourrignon	258	55	21.318
6704	Châtillon (JU)	471	111	23.567
6706	Courchapoix	441	93	21.088
6708	Courrendlin	3686	858	23.277
6709	Courroux	3313	704	21.250
6710	Courtételle	2654	580	21.854
6711	Delémont	12636	2494	19.737
6712	Develier	1360	293	21.544
6713	Ederswiler	112	15	13.393
6715	Mervelier	522	106	20.307
6716	Mettembert	106	22	20.755
6718	Movelier	425	81	19.059
6719	Pleigne	350	65	18.571
6721	Rossemaison	733	151	20.600
6722	Saulcy	270	54	20.000
6724	Soyhières	417	59	14.149
6729	Haute-Sorne	7319	1591	21.738
6730	Val Terbi	3285	746	22.709
6741	Le Bémont (JU)	308	59	19.156
6742	Les Bois	1258	285	22.655
6743	Les Breuleux	1524	331	21.719
6744	La Chaux-des-Breuleux	87	22	25.287
6745	Les Enfers	156	36	23.077
6748	Les Genevez (JU)	510	105	20.588
6750	Lajoux (JU)	705	136	19.291
6751	Montfaucon	551	105	19.056
6753	Muriaux	511	103	20.157
6754	Le Noirmont	1902	408	21.451
6757	Saignelégier	2575	479	18.602
6758	Saint-Brais	228	39	17.105
6759	Soubey	118	13	11.017
6771	Alle	1882	412	21.892
6773	Beurnevésin	117	10	8.547
6774	Boncourt	1205	208	17.261
6775	Bonfol	625	102	16.320
6778	Bure	631	125	19.810
6781	Coeuve	718	183	25.487
6782	Cornol	1018	219	21.513
6783	Courchavon	293	57	19.454
6784	Courgenay	2435	491	20.164
6785	Courtedoux	786	156	19.847
6787	Damphreux	184	36	19.565
6789	Fahy	333	52	15.616
6790	Fontenais	1674	360	21.505
6792	Grandfontaine	391	85	21.739
6793	Lugnez	186	41	22.043
6800	Porrentruy	6441	1134	17.606
6806	Vendlincourt	546	95	17.399
6807	Basse-Allaine	1217	266	21.857
6808	Clos du Doubs	1275	248	19.451
6809	Haute-Ajoie	1052	174	16.540
6810	La Baroche	1114	224	20.108